{"branches": 60.95846645367412, "coverage": 81.51016456921589}