{"branches": 40.67611777535441, "coverage": 45.671826625387}