{"branches": 40.67611777535441, "coverage": 45.43653250773994}