{"branches": 58.101629913710454, "coverage": 80.09738283627512}