{"branches": 40.34519956850054, "coverage": 45.04515499145717}