{"branches": 57.68967874231032, "coverage": 77.23560354374308}