{"branches": 57.83549783549784, "coverage": 79.79967948717949}