{"branches": 57.67397521448999, "coverage": 79.63299575867741}