{"branches": 58.32575068243858, "coverage": 79.96350970310168}