{"branches": 56.92055692055692, "coverage": 77.07740794834346}