{"branches": 40.23732470334412, "coverage": 45.00854283622163}