{"branches": 58.54049719326383, "coverage": 78.41780718905098}