{"branches": 58.245948522402294, "coverage": 79.99307718933886}