{"branches": 61.0223642172524, "coverage": 81.51661826395612}