{"branches": 57.76930409914204, "coverage": 79.64165151908595}