{"branches": 58.46030473135525, "coverage": 78.41028726124229}