{"branches": 45.48192771084337, "coverage": 63.676838883220476}