{"branches": 47.78510838831291, "coverage": 65.630519251148}