{"branches": 62.477771191464136, "coverage": 82.34974983422751}