{"branches": 62.20755848830234, "coverage": 82.19486929498507}