{"branches": 47.77992277992278, "coverage": 66.10414222543092}