{"branches": 46.748350612629594, "coverage": 64.74743906746733}