{"branches": 57.89971617786187, "coverage": 79.69808731452098}