{"branches": 40.78516902944384, "coverage": 45.70897832817337}