{"branches": 62.62747450509898, "coverage": 82.5817430412058}