{"branches": 57.2959604286892, "coverage": 78.04935004281155}