{"branches": 56.66936135812449, "coverage": 76.5295358649789}