{"branches": 57.758031442241965, "coverage": 77.24252491694352}