{"branches": 57.18108831400536, "coverage": 78.64600326264274}