{"branches": 45.13350559862187, "coverage": 64.2989152269988}